key	punc	letters	origletters
47,0,,7,930,1648,1205,1811	added	» ,الحكم,الحكم
48,0,,11,1534,2002,1742,2176	ignored	(,فتأيد,فتأيد
48,0,,11,407,2002,668,2176	ignored	(,المطهر,المطهر
48,0,,15,353,3055,543,3214	ignored	),س,س
48,0,,16,2525,3223,2771,3383	ignored	(,أعيانها,أعيانها
48,0,,16,444,3223,640,3383	ignored	(,كه,كه
48,0,,17,2229,3392,2530,3538	added	،,بالوجود,بالوجود
49,0,,2,523,321,618,493	added	.,له,له
49,0,,3,2432,520,2701,709	ignored	(,سبحانه,سبحانه
49,0,,6,513,1159,742,1340	added	،,قابل,قابل
49,0,,8,2376,1547,2530,1731	added	» ,كله,كله
49,0,,8,1525,1547,1687,1731	ignored	) ,ا,ا
49,0,,10,516,1918,1102,2087	added	».,الإنسانالكبير,الإنسانالكبير
49,0,,16,1753,3067,2101,3237	added	، ,فكري,فكري
50,0,,4,2035,670,2274,840	ignored	(,إنسانا,إنسانا
50,0,,5,1951,849,2072,1021	ignored	) ,ب,ب
50,0,,7,334,1224,484,1402	added	،,هذا,هذا
50,0,,9,1117,1605,1317,1769	ignored	(,الملك,الملك
50,0,,14,628,2528,962,2688	added	. ,الملائكة,الملائكة
51,0,,2,2831,303,3068,494	added	،,تخصها,تخصها
51,0,,2,524,303,871,494	added	،,علمهإليها,علمهإليها
51,0,,4,1147,720,1378,901	added	»، ,فيها,فيها
52,0,,17,987,3348,1215,3534	ignored	(,فتقبل,فتقبل
53,0,,6,775,1108,956,1295	ignored	) ,ب,ب
53,0,,8,2309,1518,2590,1693	added	. ,افتقار,افتقار
53,0,,16,512,3109,929,3276	added	.,نسبناهإلينا,نسبناهإلينا
53,0,,20,512,3842,781,4003	added	.,الواحد,الواحد
54,0,,11,1338,2176,1673,2336	added	.,بشهادتنا,بشهادتنا
54,0,,17,897,3361,1121,3551	ignored	(,فالعالم,فالعالم
54,0,,17,644,3361,798,3551	ignored	(,بين,بين
54,0,,18,1547,3572,1698,3731	ignored	(,فلا,فلا
55,0,,6,1896,1131,2205,1309	added	» ,بيدي,بيدي
55,0,,13,1177,2513,1530,2682	added	» ,وبصره,وبصره
55,0,,14,1555,2697,1678,2883	ignored	(,هو,هو
59,0,,13,432,2456,819,2641	added	.,بالاستعداد,بالاستعداد
59,0,,17,1426,3236,1631,3422	added	» ,لك,لك
59,0,,19,1451,3636,1631,3803	ignored	(,وإذا,وإذا
60,0,,5,337,909,491,1094	added	.,هذا,هذا
60,0,,6,2008,1123,2256,1304	added	: ,قولنا,قولنا
60,0,,6,859,1123,1153,1304	added	» ,سؤال,سؤال
60,0,,15,2700,2887,3024,3073	added	،,وجودها,وجودها
61,0,,8,1661,1522,1841,1695	ignored	(,بهذه,بهذه
61,0,,9,3072,1732,3197,1913	ignored	(,هنا,هنا
62,0,,7,618,1251,916,1426	added	. ,المخلوق,المخلوق
63,0,,12,734,2317,925,2499	ignored	(,رآها,رآها
63,0,,13,985,2516,1223,2703	ignored	(,الفضة,الفضة
64,0,,3,331,507,564,689	added	.,بعث,بعث
64,0,,10,1367,1892,1558,2077	added	. ,عمم,عمم
64,0,,14,1918,2681,2117,2869	ignored	(,فاعلم,فاعلم
65,0,,11,2767,2027,2964,2193	added	-,عنها,عنها
65,0,,15,2832,2748,3001,2912	ignored	(,تلك,تلك
65,0,,15,515,2748,859,2912	added	،,الاشتراك,الاشتراك
65,0,,19,2144,3463,2296,3641	ignored	) ,ب,ب
66,0,,7,2473,1351,2750,1522	ignored	(,والجميل,والجميل
66,0,,11,637,2067,774,2237	ignored	) ,ا,ا
66,0,,12,2433,2246,2736,2411	added	. ,المجرى,المجرى
66,0,,15,1411,2783,1640,2964	added	. ,تعالى,تعالى
66,0,,16,324,2975,477,3144	added	،,يده,يده
66,0,,18,1370,3321,1585,3504	added	، ,غيره,غيره
67,0,,3,1818,620,1983,779	ignored	(,وقد,وقد
67,0,,17,2222,3064,2399,3223	ignored	(,أهل,أهل
67,0,,20,1959,3550,2094,3709	ignored	) ,ا,ا
68,0,,4,2532,874,2747,1051	ignored	(,أيدلك,أيدلك
68,0,,8,1148,1597,1408,1755	ignored	(,الفائت,الفائت
68,0,,12,1591,2313,1822,2487	ignored	(,ظهورا,ظهوراً
68,0,,15,1880,2860,2049,3021	ignored	) ,ب,ب
68,0,,18,1933,3388,2196,3554	ignored	(,صورته,صورته
68,0,,18,1494,3388,1764,3554	ignored	(,فلزلك,فلزلك
68,0,,19,1533,3563,1755,3740	ignored	(,وهذا,وهذا
68,0,,19,346,3563,527,3740	added	.,محال,محال
69,0,,8,2092,1489,2293,1662	added	» ,لهمم,لهمم
69,0,,12,1542,2205,1674,2366	ignored	) ,ا,ا
69,0,,18,842,3262,1160,3432	added	» ,العالمين,العالمين
70,0,,7,1923,1418,2137,1575	added	» ,شيء,شيء
70,0,,7,890,1418,1193,1575	added	» ,البصير,البصير
70,0,,8,2241,1584,2493,1747	added	» ,شيء,شيء
70,0,,9,2482,1834,2648,1998	ignored	) ,ب,ب
70,0,,20,748,3614,1129,3778	added	» ,ليلا,ليـلا
71,0,,2,1640,427,1922,609	added	» ,نهارا,نهارا
71,0,,3,1066,622,1289,783	added	» ,شيء,شيء
71,0,,5,2479,976,2616,1146	ignored	) ,ا,ا
71,0,,7,1384,1322,1577,1475	added	» ,شيء,شيء
71,0,,10,1251,1827,1631,1986	added	» ,مدرارا,مدرارا
71,0,,20,2546,3529,2714,3686	ignored	) ,ب,ب
72,0,,2,947,429,1178,602	added	» ,الله,الله
72,0,,8,1830,1459,2161,1625	added	» ,ونسرا,ونسرا
72,0,,14,789,2481,1118,2631	added	» ,سموهم,سموهم
72,0,,15,2581,2640,2733,2804	ignored	) ,ا,ا
72,0,,21,345,3663,778,3866	added	»,الظالمين,الظالمـين
73,0,,3,559,605,821,755	added	» ,تحيرا,تحيرا
73,0,,8,2474,1402,2638,1567	added	» ,لى,ٕلى
73,0,,9,2723,1576,2902,1718	ignored	) ,ب,ب
73,0,,10,2084,1727,2304,1875	added	» ,ارا,ارا
73,0,,12,2879,2048,3215,2207	added	» ,أنصارا,أنصارا
73,0,,17,1447,2855,1652,2998	added	» ,الله,الله
73,0,,18,2784,3007,3126,3163	added	» ,الأرض,الأرض
74,0,,3,2161,600,2451,752	added	» ,تذرهم,تذرهم
74,0,,4,1211,761,1336,912	ignored	) ,ا,ا
74,0,,7,2650,1238,2913,1395	added	» ,فارا,فارا
74,0,,7,1591,1238,1854,1395	added	. ,ظهوره,ظهوره
74,0,,11,338,1884,504,2034	added	»,بيي,بيي
74,0,,14,2380,2354,2705,2505	added	» ,الظالمين,الظالمين
74,0,,15,2585,2514,2857,2671	added	» ,تبارا,تبارا
74,0,,17,1284,2838,1461,2996	ignored	) ,ب,ب
75,0,,3,563,877,965,1037	added	» ,مكاناعليا,مكاناعلياً
75,0,,12,1062,2475,1191,2647	ignored	) ,ا,ا
76,0,,4,1591,794,1884,953	added	» ,علا,علـاً
76,0,,4,1042,794,1304,953	added	» ,عليا,علياً
76,0,,6,1234,1160,1558,1335	added	» ,العالين,العالين
76,0,,7,699,1358,890,1526	ignored	) ,ب,ب
77,0,,2,2450,424,2584,564	ignored	) ,ا,ا
77,0,,16,2624,2679,2847,2829	ignored	) ,ب,ب
77,0,,17,3074,2838,3216,2991	ignored	(,كل,كل
78,0,,11,751,2040,882,2182	ignored	) ,ا,ا
78,0,,12,2411,2195,2569,2345	ignored	(,ولد,ولد
78,0,,12,940,2195,1218,2345	added	» ,زوجها,زوجها
78,0,,13,2738,2354,3013,2505	added	. ,نفسه,نفسه
78,0,,14,522,2514,721,2676	added	؟ ,ظهر,ظهر
78,0,,14,374,2514,522,2676	ignored	(,وما,وما
78,0,,15,616,2685,807,2828	ignored	(,عليها,عليها
78,0,,18,2835,3170,3000,3340	ignored	(,مرايا,مرايا
79,0,,9,1065,1985,1276,2132	added	، ,منها,منها
79,0,,10,2499,2141,2674,2284	ignored	) ,ب,ب
80,0,,6,1380,1064,1516,1217	ignored	) ,ا,ا
80,0,,7,742,1226,976,1381	ignored	(,علي,علي
80,0,,9,829,1667,1235,1862	ignored	(,إبراهيمية,إبراهيمية
81,0,,2,2326,318,2502,478	added	» ,لله,لله
81,0,,3,2217,487,2415,676	added	» ,كله,كله
81,0,,10,500,1862,653,2033	added	.,إلهما,إلهما
81,0,,11,2132,2048,2434,2222	added	: ,أعياننا,أعياننا
81,0,,13,2109,2425,2325,2604	ignored	(,حامد,حامد
81,0,,14,1996,2623,2176,2810	ignored	(,ذات,ذات
82,0,,4,1462,691,1636,881	added	، ,بنا,بنا
82,0,,7,2736,1295,3067,1455	added	» ,البالغة,البالغة
82,0,,8,2733,1464,2835,1634	ignored	(,ما,ما
82,0,,9,790,1643,940,1827	ignored	(,فعله,فعله
82,0,,11,568,2012,876,2180	added	» ,أجمعين,أجمعين
82,0,,11,352,2012,567,2180	ignored	),قلنا,قلنا6
82,0,,12,2678,2189,2884,2358	added	» ,شاء,شاء
82,0,,17,924,3101,1158,3280	added	» ,يشأ,يشأ
83,0,,5,506,848,878,1005	added	.,الكشوف,الكشوف
83,0,,11,2002,1892,2198,2053	added	. ,لك,لك
83,0,,11,507,1892,798,2053	added	.,بالوجود,بالوجود
83,0,,14,2387,2397,2643,2560	added	.,مفعول,مفعول
84,0,,3,1739,497,2156,662	ignored	(,ميكاييل,ميكاييـل
84,0,,5,851,820,979,970	ignored	) ,ا,ا
85,0,,7,2670,1281,2923,1448	ignored	(,تلتفت,تلتفت
85,0,,10,1051,1926,1247,2084	ignored	(,كبش,كبش
85,0,,13,508,2434,805,2602	added	.,الصورة,الصورة
85,0,,14,1156,2611,1346,2783	ignored	(,بكر,بكر
85,0,,15,2076,2792,2326,2958	added	» ,بعضا,بعضا
87,0,,5,3019,928,3214,1098	ignored	(,نفسه,نفسه
88,0,,3,1782,515,2097,662	ignored	( ,قدتك,قدتك
88,0,,17,609,3212,834,3393	added	؟,سامع,سامع
89,0,,9,1862,1681,1981,1869	ignored	(,الله,الله
89,0,,11,926,2075,1198,2257	added	» ,الحق,الحق
89,0,,15,507,2924,769,3091	added	.,التعيين,التعيين
89,0,,19,2575,3788,2790,3961	added	» ,شيء,شيء
90,0,,2,2790,317,3018,479	ignored	(,قرآنا,قرآناً
90,0,,2,1253,317,1532,479	added	» ,فرقانا,فرقاناً
90,0,,3,1278,488,1562,657	ignored	(,الفرقان,الفرقان
90,0,,11,2204,2104,2366,2269	ignored	(,الله,الله
90,0,,12,1138,2278,1362,2424	ignored	(,الكل,الكل
90,0,,14,2675,2604,3030,2748	added	. ,التبعيض,التبعيض
90,0,,14,567,2604,844,2748	added	؛ ,مرضيا,مرضيا
90,0,,15,326,2757,655,2911	added	.,فهوسعيد,فهوسعيد
90,0,,16,2806,2920,3021,3072	ignored	(,ولهذا,ولهذا
90,0,,16,1034,2920,1313,3072	ignored	(,يخاطب,يخاطب
90,0,,16,625,2920,819,3072	added	- ,عين,عين
90,0,,16,389,2920,625,3072	ignored	(,لوظهر,لوظهر
91,0,,2,1903,312,2020,486	added	» ,و,و
91,0,,2,900,312,1184,486	ignored	(,لامتناع,لامتناع
91,0,,3,2169,517,2329,694	ignored	(,لأنه,لأنه
91,0,,6,2175,1141,2436,1316	added	» ,اضية,اضية
91,0,,6,630,1141,928,1316	added	» ,مرضية,مرضية
91,0,,8,1278,1523,1552,1694	added	» ,هدى,هدى
91,0,,9,2051,1725,2183,1891	ignored	(,ولا,ولا
91,0,,15,2657,2797,2867,2963	ignored	(,ناظرا,ناظراً
91,0,,16,496,2974,757,3150	added	»,ظرته,ظرته
92,0,,3,440,527,744,699	added	» ,ربك,ربك
92,0,,4,351,732,658,922	added	».,مرضية,مرضية
92,0,,7,1714,1334,1895,1503	ignored	) ,ب,ب
92,0,,8,1838,1512,2105,1689	ignored	(,تسترني,تسترني
92,0,,17,2691,3259,3042,3430	ignored	(,الحضران,الحضران
93,0,,3,2876,476,3020,642	ignored	(,بذا,بذا
93,0,,4,2327,751,2478,916	ignored	(,ربه,ربه
93,0,,4,1724,751,1991,916	ignored	(,يكونه,يكونه
93,0,,4,937,751,1095,916	ignored	(,دلنا,دلنا
93,0,,5,524,925,774,1082	added	،,العبيد,العبيد
93,0,,6,1553,1091,1806,1248	ignored	(,التمييز,التمييز
94,0,,2,2191,320,2436,468	added	» ,رسله,رسله
94,0,,2,1261,320,1457,468	added	« ,قال,قال
94,0,,2,468,320,794,468	added	» ,سيياتهم,سيياتهم
94,0,,10,1711,2182,1924,2330	ignored	(,وعند,وعند
94,0,,11,1327,2343,1446,2494	ignored	(,الله,الله
94,0,,13,352,2666,663,2819	added	» ,مسلمون,مسلمون
94,0,,16,380,3156,512,3302	ignored	(,ال,ال
94,0,,17,813,3311,1100,3464	ignored	(,الانقياد,الانقياد
95,0,,2,2701,303,2811,474	ignored	(,فما,فما
95,0,,3,2896,495,3195,685	ignored	(,فلك,فلك
95,0,,3,506,495,826,685	added	.,المحدثات,المحدثات
95,0,,4,2226,694,2549,878	ignored	(,وبآثارلك,وبآثارلك
95,0,,4,1617,694,1889,878	added	. ,سعيدا,سعيداً
95,0,,7,1280,1301,1677,1488	added	» ,ابتدعوها,ابتدعوها
95,0,,10,2627,1875,2689,2044	ignored	(,ال,ال
95,0,,11,2959,2053,3196,2228	added	» ,عليهم,عليهم
95,0,,12,2032,2249,2356,2423	added	- ,شرعوه,شرعوه
95,0,,13,1506,2450,1785,2616	added	» ,رعوها,رعوها
95,0,,19,559,3601,836,3789	ignored	(,المخالف,المخالف
95,0,,20,867,3798,1132,3978	added	، ,والعفو,والعفو
96,0,,4,1762,699,1956,882	added	: ,يسر,يسر
96,0,,5,1105,891,1389,1080	added	» ,كبيرا,كبيرا
96,0,,6,1839,1091,2036,1277	ignored	(,جزاء,جزاء
96,0,,8,574,1467,773,1643	ignored	(,تجل,تجل
96,0,,12,1456,2236,1667,2417	added	؛ ,غيره,غيره
96,0,,12,502,2236,844,2417	added	. ,ومعذبها,ومعذبها
96,0,,13,1028,2426,1356,2594	added	» ,البالغة,البالغة
96,0,,16,2558,2951,2877,3130	added	. ,وأعيانها,وأعيانها
96,0,,16,2405,2951,2558,3130	ignored	(,فقد,فقد
97,0,,7,2759,1326,2909,1489	ignored	) ,ب,ب
98,0,,8,1585,1427,1722,1585	ignored	) ,ا,ا
98,0,,15,2908,2549,3038,2707	ignored	(,ولا,ولا
99,0,,10,2783,2352,2862,2512	ignored	(,ال,ال
100,0,,7,565,1263,690,1421	ignored	) ,ا,ا
100,0,,14,2765,2391,3002,2546	added	. ,شك,شك
101,0,,6,2203,1079,2485,1225	added	»، ,نيام,نيام
101,0,,6,705,1079,923,1225	added	» ,حقا,حقا
101,0,,7,506,1234,637,1384	ignored	),ب,ب
101,0,,9,1743,1553,1971,1705	added	. ,ذلك,ذلك
101,0,,11,1906,1877,2140,2024	added	» ,حقا,حقا
101,0,,15,2221,2538,2474,2687	added	» ,الحقى,الحقى
102,0,,4,568,770,713,924	ignored	) ,ا,ا
102,0,,8,2770,1411,2909,1557	ignored	(,غير,غير
102,0,,8,346,1411,564,1557	added	.,السماء,السماء
103,0,,2,828,443,1125,613	added	. ,الوجود,الوجود
103,0,,3,957,626,1130,783	ignored	) ,ب,ب
103,0,,4,1537,792,1762,970	added	. ,النور,النور
103,0,,4,531,792,781,970	added	» ,يسيرا,يسيراً
103,0,,5,1348,983,1490,1161	ignored	(,كله,كله
103,0,,6,2843,1170,3105,1333	ignored	(,ندركه,ندركه
103,0,,6,565,1170,690,1333	ignored	(,هو,هو
103,0,,7,1942,1342,2186,1516	ignored	(,الصور,الصور
103,0,,7,946,1342,1355,1516	added	. ,المكنات,المكنات
103,0,,8,570,1539,677,1712	ignored	(,أو,أو
103,0,,9,628,1721,880,1891	added	. ,الأحد,الأحد
103,0,,17,2929,3194,3199,3367	added	،,وكبير,وكبير
103,0,,17,755,3194,1038,3367	ignored	(,الزجاج,الزجاج
103,0,,18,660,3376,791,3568	ignored	) ,ا,ا
104,0,,5,1195,1014,1382,1177	ignored	(,اكثر,اكثر
104,0,,7,1619,1390,1903,1557	added	، ,موجود,موجود
104,0,,8,2251,1566,2491,1728	added	. ,كذلك,كذلك
104,0,,9,1766,1737,2011,1923	ignored	(,قررناه,قررناه
104,0,,10,608,1936,734,2097	ignored	(,الله,الله
104,0,,14,940,2651,1112,2814	ignored	) ,ب,ب
104,0,,19,1396,3560,1582,3754	ignored	(,وإذا,وإذا
105,0,,3,2756,591,2915,759	ignored	(,ذلك,ذلك
105,0,,3,2349,591,2597,759	added	. ,ثرما,ثرما
105,0,,3,1618,591,1853,759	added	» ,أحد,أحد
105,0,,3,524,591,861,759	added	»,الصمد,الصمد
105,0,,4,1977,792,2208,961	added	» ,يلد,يلد
105,0,,4,782,792,1026,961	added	» ,يولد,يولد
105,0,,5,2694,970,2820,1151	ignored	( ,له,له
105,0,,7,2495,1320,2767,1496	added	. ,لبعض,لبعض
105,0,,8,3066,1505,3202,1634	added	. ,عنا,عنا
105,0,,8,758,1505,1012,1634	added	. ,نزلت,نزلت
105,0,,10,528,1869,628,2048	ignored	),ا,ا
105,0,,11,2988,2057,3213,2227	ignored	(,الأي,الأي
106,0,,3,1785,604,2026,754	added	» ,الحميد,الحميد
106,0,,5,2773,930,2945,1081	ignored	(,غيره,غيره
106,0,,5,807,930,1043,1081	ignored	(,فانظر,فانظر
106,0,,12,2380,2658,2524,2809	ignored	(,كان,كان
106,0,,14,1348,2980,1580,3131	added	. ,بغيره,بغيره
107,0,,5,1394,1206,1520,1377	ignored	(,الله,الله
107,0,,7,779,1550,1089,1695	ignored	(,ورجله,ورجله
107,0,,7,502,1550,578,1695	ignored	),ا,ا
107,0,,13,1682,2501,1997,2651	added	» ,أرجلهم,أرجلهم
107,0,,13,571,2501,872,2651	ignored	(,الصراط,الصراط
107,0,,14,2809,2660,3065,2813	ignored	(,للسلولك,للسلولك
107,0,,16,3008,2981,3184,3134	ignored	(,علوم,علوم
107,0,,18,1934,3302,2155,3491	added	-,عليها,عليها
108,0,,4,1057,795,1325,971	ignored	(,أخذوه,أخذوه
108,0,,8,1340,1539,1613,1711	added	» ,حديد,حديد
108,0,,10,318,1922,568,2089	added	.,الالهي,الالهي
108,0,,12,2298,2281,2437,2459	ignored	(,فهو,فهو
108,0,,13,1472,2478,1819,2649	added	. ,والوجود,والوجود
109,0,,2,1746,412,1878,591	ignored	) ,ا,ا
109,0,,3,573,600,703,759	ignored	(,أن,أن
109,0,,7,2736,1323,2907,1481	ignored	(,وهو,وهو
109,0,,8,698,1490,951,1669	added	» ,مطرنا,مطرنا
109,0,,9,1537,1678,1967,1849	ignored	),فأضرب,فأضرب41
109,0,,12,1148,2219,1411,2388	ignored	(,الراحة,الراحة
109,0,,18,1075,3294,1251,3464	ignored	) ,ب,ب
110,0,,2,426,449,528,603	added	. ,له,له
110,0,,5,1103,981,1489,1152	added	. ,والأعضاء,والأعضاء
110,0,,16,534,2959,674,3128	added	، ,لنا,لنا
111,0,,4,3034,747,3218,901	ignored	(,لسماء,لسماء
111,0,,7,621,1238,843,1392	ignored	(,تقييد,تقييد
111,0,,10,1531,1720,1858,1871	added	. ,حدودها,حدودها
111,0,,10,637,1720,877,1871	ignored	(,محدود,محدود
111,0,,12,1330,2039,1633,2197	added	، ,الوجود,الوجود
111,0,,12,518,2039,770,2197	added	،,حفيظ,حفيظ
111,0,,13,2441,2206,2741,2361	added	» ,يئوده,يئوده
111,0,,18,2572,3177,2862,3335	ignored	) ,ب,ب
112,0,,4,310,803,596,979	added	.,ظهورها,ظهورها
112,0,,7,368,1367,548,1549	ignored	(,آخذ,آخذ
112,0,,8,856,1558,1165,1733	added	؟ ,المتقون,المتقون
112,0,,10,2209,1933,2332,2111	ignored	(,قد,قد
112,0,,17,628,3184,762,3350	ignored	) ,ا,ا
113,0,,7,1144,1322,1238,1495	ignored	(,له,له
113,0,,8,2681,1504,2790,1671	ignored	(,له,له
113,0,,8,1999,1504,2267,1671	ignored	(,أنكره,أنكره
113,0,,9,599,1680,841,1849	added	؛ ,نفسه,نفسه
113,0,,10,1073,1858,1279,2032	added	. ,فيها,فيها
113,0,,17,1691,3112,1837,3274	ignored	) ,ب,ب
114,0,,4,1882,813,2042,981	added	» ,الله,الله
114,0,,5,2220,990,2350,1162	ignored	(,هنا,هنا
115,0,,4,2833,997,2933,1157	ignored	) ,ا,ا
115,0,,5,906,1166,1207,1331	ignored	(,الجنائب,الجنائب
115,0,,8,2388,1771,2553,1942	ignored	(,أول,أول
115,0,,11,2002,2488,2284,2656	added	، ,الشيء,الشيء
116,0,,3,818,614,1143,784	added	» ,فيكون,فيكون
116,0,,4,323,793,542,966	added	.,الأمر,الأمر
116,0,,5,2586,975,2751,1146	ignored	) ,ب,ب
116,0,,9,319,1696,882,1865	added	،,وشرطمخصوص,وشرطمخصوص
116,0,,12,425,2231,833,2405	ignored	(,الواحدفيهما,الواحدفيهما
117,0,,8,1115,1487,1253,1655	ignored	) ,ا,ا
118,0,,7,1907,1312,2092,1486	ignored	) ,ب,ب
119,0,,12,495,2394,606,2549	ignored	),ا,ا
120,0,,12,1816,2202,1960,2384	ignored	) ,ب,ب
121,0,,3,1743,614,2025,792	added	» ,خلقه,خلقه
121,0,,8,904,1505,1020,1682	ignored	) ,ا,ا
121,0,,12,2560,2219,2721,2390	added	» ,علما,علماً
121,0,,12,1756,2219,1938,2390	added	» ,علما,علماً
121,0,,12,1075,2219,1250,2390	added	» ,علما,علماً
122,0,,5,2573,983,2723,1138	ignored	) ,ب,ب
122,0,,7,1511,1336,1761,1512	added	» ,قلب,قلب
122,0,,18,2643,3284,2935,3461	added	» ,قلب,قلب
122,0,,20,2838,3649,3013,3819	ignored	(,كائن,كائن
122,0,,20,322,3649,386,3819	ignored	),ا,ا
123,0,,17,1712,3104,1856,3274	ignored	) ,ب,ب
124,0,,8,2090,1438,2303,1609	added	» ,اله,اله
124,0,,11,378,1964,516,2143	ignored	) ,ا,ا
125,0,,9,2456,1685,2752,1866	added	» ,صنعا,صنعاً
125,0,,9,785,1685,970,1866	ignored	) ,ب,ب
125,0,,12,1937,2236,2233,2396	added	» ,جديد,جديد
126,0,,5,2230,991,2384,1157	ignored	) ,ا,ا
127,0,,4,2382,795,2551,967	ignored	) ,ب,ب
127,0,,10,502,1874,700,2051	added	»,قوة,قوة
127,0,,12,1824,2243,2056,2401	added	» ,قوة,قوة
127,0,,13,1896,2410,2214,2582	added	» ,وشيبة,وشيبة
127,0,,17,1195,3131,1324,3304	ignored	) ,ا,ا
127,0,,18,2253,3313,2484,3483	added	» ,قوة,قوة
128,0,,12,1513,2237,1684,2409	ignored	) ,ب,ب
128,0,,13,1486,2418,1836,2586	added	؟ ,تتصرف,تتصرف
128,0,,16,2961,2955,3119,3124	added	» ,فيه,فيه
129,0,,2,1840,409,1960,596	added	،,بها,بها
129,0,,4,588,776,993,948	ignored	(,عبدالرزاق,عبدالرزاق
129,0,,6,518,1135,775,1301	added	؟,مقامنا,مقامنا
129,0,,8,2335,1506,2665,1665	ignored	(,والعجز,والعجز
129,0,,8,2016,1506,2124,1665	ignored	) ,ا,ا
129,0,,10,1271,1854,1457,2019	added	» ,إلي,إلي
129,0,,11,2886,2028,2928,2203	ignored	),ا,ا
129,0,,12,1953,2212,2123,2380	ignored	(,ترلك,ترلك
129,0,,16,1318,2929,1523,3101	ignored	(,نشك,نشك
129,0,,17,2037,3110,2162,3278	added	،,بها,بها
130,0,,3,433,595,684,763	ignored	),ب,1ب
130,0,,7,2787,1314,2911,1486	ignored	(,فلا,فلا
130,0,,9,904,1675,1170,1842	added	» ,يشاء,يشاء
130,0,,10,647,1851,791,2024	ignored	(,ولا,ولا
130,0,,13,950,2389,1324,2563	added	» ,بالمهتدين,بالمهتدين
130,0,,15,623,2756,942,2922	added	. ,وجوده,وجوده
130,0,,16,859,2931,1176,3100	added	» ,بالمهتدين,بالمهتدين
130,0,,16,402,2931,499,3100	ignored	),ا,ا
130,0,,17,1410,3109,1637,3280	added	» ,لدي,لدي
130,0,,20,1043,3653,1301,3836	ignored	(,ولذلك,ولذلك
131,0,,2,2655,409,2959,588	added	» ,يظلمون,يظلمون
131,0,,2,2128,409,2287,588	added	. ,الله,الله
131,0,,2,530,409,676,588	added	؛,لهم,لهم
131,0,,3,1485,597,1621,767	ignored	(,ولا,ولا
131,0,,3,1054,597,1228,767	added	. ,كذا,كذا
131,0,,4,2570,776,2809,946	ignored	(,فلنا,فلنا
131,0,,13,922,2691,1069,2862	ignored	) ,ب,ب
131,0,,14,882,2871,1125,3044	added	. ,مزيد,مزيد
131,0,,16,2230,3227,2451,3409	added	»، ,شهيد,شهيد
131,0,,16,1488,3227,1767,3409	added	» ,البالغة,البالغة
131,0,,17,1827,3418,2044,3585	added	. ,ذاتها,ذاتها
132,0,,2,1200,416,1314,587	ignored	(,إلا,إلا
132,0,,4,841,775,1079,940	added	. ,أمهم,أمهم
132,0,,7,940,1305,1192,1482	added	» ,بعض,بعض
132,0,,9,1216,1677,1474,1839	added	» ,بعض,بعض
132,0,,10,2189,1854,2295,2004	ignored	) ,ا,ا
132,0,,10,1253,1854,1528,2004	added	» ,الرزق,الرزق
132,0,,12,1380,2206,1680,2375	added	» ,خلقه,خلقه
132,0,,12,374,2206,567,2375	ignored	(,يشاء,يشاء
132,0,,13,1916,2384,2131,2554	added	- ,علم,علم
132,0,,13,1602,2384,1805,2554	ignored	(,قلناه,قلناه
132,0,,15,2385,2746,2539,2914	ignored	(,وما,وما
132,0,,17,1669,3103,1934,3269	ignored	(,والرضا,والرضا
132,0,,18,1768,3278,2114,3502	ignored	(,والوجود,والوجود
133,0,,5,602,966,723,1130	ignored	(,إلا,إلا
133,0,,6,949,1139,1098,1312	ignored	) ,ب,ب
133,0,,10,2460,1863,2605,2029	ignored	(,كان,كان
133,0,,11,1209,2038,1440,2205	added	» ,موتها,موتها
133,0,,13,2538,2395,2816,2565	added	، ,الموتى,الموتى
133,0,,14,1785,2574,2008,2742	added	» ,بعثه,بعثه
133,0,,15,2239,2751,2408,2926	added	» ,لحما,لحماً
133,0,,18,2187,3288,2442,3463	ignored	(,المفاتح,المفاتح
133,0,,18,1372,3288,1598,3463	ignored	(,مفاتح,مفاتح
134,0,,2,2691,418,2836,590	ignored	(,أنها,أنها
134,0,,2,2076,418,2301,590	ignored	(,مفاتح,مفاتح
134,0,,3,425,599,533,771	ignored	) ,ا,ا
134,0,,5,2811,960,2908,1126	ignored	(,لله,لله
134,0,,9,1997,1667,2134,1841	ignored	(,الله,الله
134,0,,9,1004,1667,1271,1841	ignored	(,لأعحون,لأعحون
134,0,,16,1835,2915,2073,3093	added	» ,خلقه,خلقه
134,0,,17,565,3108,752,3272	ignored	) ,ب,ب
134,0,,19,1959,3456,2183,3626	ignored	(,الفلك,الفلك
134,0,,19,319,3456,510,3626	added	.,العام,العام
135,0,,5,2820,965,2950,1137	ignored	(,الله,الله
135,0,,5,2108,965,2280,1137	ignored	(,واله,واله
135,0,,6,558,1146,834,1314	added	» ,الحميد,الحميد
135,0,,10,866,1856,1181,2023	added	» ,الأنبياء,الأنبياء
135,0,,13,2787,2391,2939,2561	ignored	) ,ب,ب
135,0,,15,1294,2746,1616,2916	added	. ,ذكرناه,ذكرناه
135,0,,19,2794,3463,2968,3633	ignored	(,تابعا,تابعا
136,0,,2,2586,417,2766,597	added	» ,علما,علما
136,0,,4,1309,786,1455,954	added	. ,من,من
136,0,,7,2471,1319,2621,1489	ignored	) ,ب,ب
136,0,,18,1985,3298,2223,3452	ignored	(,امحون,امحون
136,0,,18,1064,3298,1346,3452	added	» ,النبوة,النبوة
137,0,,2,2017,415,2284,598	ignored	(,لشرع,لشرع
137,0,,3,2435,609,2546,764	ignored	) ,ا,ا
137,0,,10,1453,1850,1687,2018	added	. ,النار,النار
137,0,,13,1297,2385,1518,2560	added	» ,ساق,ساق
137,0,,14,2015,2569,2359,2741	added	» ,السجود,السجود
137,0,,14,1814,2569,2014,2741	ignored	(,وهذا,وهذا
137,0,,16,2764,2924,3205,3098	added	» ,يستطيعون,يستطيعون
137,0,,16,1421,2924,1554,3098	ignored	(,الله,الله
137,0,,18,2071,3285,2157,3500	ignored	(,له,له
138,0,,11,1292,2301,1536,2462	added	. ,الأمر,الأمر
138,0,,12,2161,2471,2278,2638	ignored	(,فيما,فيما
138,0,,17,500,3367,671,3528	ignored	) ,ا,7ـا
139,0,,3,1017,596,1269,776	ignored	(,حضور,حضور
139,0,,6,2101,1148,2364,1308	added	» ,زكيا,زكيا
139,0,,7,1357,1317,1482,1481	ignored	(,الشه,الشه
139,0,,8,3103,1490,3215,1662	ignored	(,ا,ا
139,0,,8,1310,1490,1491,1662	added	» ,منه,منه
139,0,,13,2245,2381,2478,2554	ignored	(,المعتاد,المعتاد
139,0,,16,1703,2909,1954,3087	ignored	(,متوهما,متوهما
139,0,,18,2784,3282,2930,3442	ignored	) ,ب,ب
140,0,,2,1046,429,1357,569	added	» ,الموتى,الموتى
140,0,,3,1833,578,1892,766	ignored	(,أ,أ
140,0,,4,2395,775,2602,943	added	» ,نفخ,نفخ
140,0,,5,528,952,891,1130	added	» ,والأبرص,والأبرص
140,0,,6,530,1139,773,1302	ignored	(,وبإذن,وبإذن
140,0,,7,2042,1311,2319,1483	added	» ,بتنفخ,بتنفخ
140,0,,9,951,1663,1178,1830	added	» ,كون,كون
140,0,,12,1713,2203,2085,2370	added	» ,صاغرون,صاغرون
140,0,,16,1915,2911,2015,3081	ignored	) ,ا,ا
141,0,,3,522,601,721,775	added	؛,لاهو,لاهو
141,0,,6,873,1137,1067,1308	ignored	(,بالأور,بالأور
141,0,,9,520,1682,716,1846	added	»,مريم,مريم
141,0,,10,2306,1855,2596,2034	ignored	(,والكفر,والكفر
141,0,,12,807,2228,937,2387	ignored	) ,ب,ب
141,0,,15,2912,2756,3218,2932	ignored	(,والحكم,والحكم
141,0,,15,2690,2756,2781,2932	ignored	(,لا,لا
142,0,,10,741,1856,1070,2026	added	» ,سويته,سويته
142,0,,11,2079,2035,2195,2205	ignored	) ,ا,ا
142,0,,13,421,2391,604,2563	ignored	(,تنفد,تنفد
142,0,,14,2370,2572,2522,2732	added	» ,ن,ن
142,0,,15,723,2741,861,2922	added	» ,ن,ن
142,0,,18,771,3285,938,3457	ignored	(,يزيد,يزيد
143,0,,2,517,412,756,593	added	»,الناس,الناس
143,0,,9,2792,1699,2932,1854	ignored	) ,ب,ب
143,0,,17,3089,3152,3205,3318	ignored	(,هو,هو
144,0,,2,1129,426,1272,595	ignored	(,فهو,فهو
144,0,,3,1768,608,2120,764	ignored	(,فالعناصر,فالعناصر
144,0,,6,2482,1146,2711,1300	ignored	(,دخان,دخان
144,0,,7,2666,1313,2875,1487	added	، ,منها,منها
144,0,,8,314,1496,383,1665	ignored	),ا,ا
144,0,,18,2774,3297,2894,3460	ignored	(,ما,ما
145,0,,6,516,1137,760,1305	ignored	),ب,0ب
145,0,,8,905,1506,983,1667	ignored	(,الا,الا
145,0,,11,1838,2038,2108,2208	added	. ,آثارها,آثارها
145,0,,17,809,3183,983,3336	added	»,بس,بس
146,0,,3,2397,641,2541,803	ignored	(,كان,كان
146,0,,6,852,1298,1013,1465	added	» ,الله,الله
146,0,,8,768,1662,1074,1826	added	» ,حانك,حانك
146,0,,10,317,2012,634,2182	added	»,فقدعلمته,فقدعلمته
146,0,,13,2392,2555,2577,2718	added	» ,به,به
146,0,,14,1846,2727,2087,2899	added	« ,بقوله,بقوله
146,0,,15,317,2908,453,3076	added	.,أثر,أثر
146,0,,16,2564,3085,2804,3259	added	» ,أنت,أنت
146,0,,18,1630,3443,1803,3632	ignored	(,أولا,أولا
146,0,,18,906,3443,1020,3632	ignored	(,هو,هو
147,0,,2,1479,419,1666,591	ignored	(,ذلك,ذلك
147,0,,3,524,600,946,764	added	.,وأنتلساني,وأنتلساني
147,0,,4,2460,773,2704,943	ignored	(,التنبئة,التنبئة
147,0,,6,1411,1140,1683,1308	added	. ,للكل,للكل
147,0,,6,553,1140,851,1308	added	» ,وربكم,وربكم
147,0,,9,2524,1667,2699,1838	added	» ,به,به
148,0,,2,1892,412,2123,588	added	. ,فيهم,فيهم
148,0,,11,939,2007,1139,2177	added	» ,كل,كل
148,0,,11,634,2007,719,2177	added	«,و,و
148,0,,11,421,2007,604,2177	added	»,شيء,شيء
148,0,,20,1998,3614,2117,3789	added	» ,م,م
149,0,,2,2401,410,2655,596	added	» ,كفروا,كفروا
149,0,,3,2909,607,3227,773	added	. ,الحاضر,الحاضر
149,0,,3,2269,607,2564,773	added	» ,تعذبهم,تعذبهم
149,0,,3,520,607,722,773	added	.,الحق,الحق
149,0,,5,2725,952,2937,1125	added	. ,مثلها,مثلها
149,0,,5,2223,952,2486,1125	added	»,عبادك,عبادك
149,0,,6,2757,1134,2999,1305	ignored	(,العبيد,العبيد
149,0,,7,1923,1314,2164,1481	added	» ,بادك,بادك
149,0,,9,1702,1669,1873,1838	added	» ,لهم,لهم
149,0,,11,2537,2026,2773,2197	ignored	(,العزيز,العزيز
149,0,,14,502,2559,803,2731	added	،,الغيوب,الغيوب
149,0,,17,506,3088,721,3256	added	.,كرر,كرر
150,0,,3,2555,593,2891,768	added	» ,الحكيم,الحكيم
150,0,,4,2389,777,2637,941	added	. ,لهم,لهم
150,0,,4,1333,777,1657,941	ignored	(,استحقوا,استحقوا
150,0,,6,475,1128,704,1289	ignored	(,لذلك,لذلك
150,0,,7,1049,1298,1372,1480	ignored	(,مواضعها,مواضعها
150,0,,9,474,1668,730,1832	ignored	(,فهكذا,فهكذا
150,0,,10,1320,1841,1505,2000	ignored	(,عبدا,عبداً
150,0,,10,868,1841,1108,2000	ignored	(,النطق,النطق
150,0,,13,418,2374,702,2543	added	.,الاجابة,الاجابة
150,0,,14,421,2552,721,2909	added	.,بسمعك,بسمعك
151,0,,3,2798,836,2974,1015	added	» ,نه,ٕنه
151,0,,5,2722,1204,2996,1362	added	. ,كذلك,كذلك
151,0,,6,2136,1371,2324,1544	ignored	(,قالوه,قالوه
151,0,,10,2980,2094,3210,2262	ignored	(,لحرمة,لحرمة
151,0,,16,502,3159,809,3323	added	.,الإنسان,الإنسان
152,0,,6,1365,1127,1592,1295	added	، ,بعده,بعده
152,0,,11,1097,2020,1378,2195	added	» ,لكا,لكا
152,0,,14,1626,2563,1981,2734	added	. ,والظهور,والظهور
152,0,,15,954,2743,1212,2908	ignored	(,ذكره,ذكره
153,0,,2,996,420,1244,593	added	« ,تعالى,تعالى
153,0,,5,2700,957,2827,1128	ignored	(,أنه,أنه
153,0,,6,1801,1137,1966,1304	added	؟ ,هو,هو
153,0,,8,1583,1501,1797,1665	added	؛ ,العلم,العلم
153,0,,14,2443,2542,2577,2714	ignored	(,كله,كله
154,0,,2,2172,424,2423,595	added	» ,شيء,شيء
154,0,,15,1767,2716,1837,2885	ignored	(,ال,ال
154,0,,20,2862,3589,3037,3778	added	» ,إلي,إلي
155,0,,7,1722,1314,2041,1479	ignored	(,والمنظور,والمنظور
155,0,,16,1712,2906,2037,3073	ignored	) ,العرش,العرش
156,0,,12,2732,2405,3022,2578	added	» ,سليمان,سليمان
156,0,,18,324,3480,632,3650	added	.,وحكما,وحكما
157,0,,2,559,418,701,590	added	» ,هو,هو
157,0,,6,2951,1137,3138,1304	ignored	(,أمت,أمت
157,0,,7,1419,1313,1547,1483	ignored	) ,ا,ا
157,0,,10,1873,1856,2250,2027	added	». ,العالمين,العالمين
157,0,,17,2392,3120,2711,3287	added	» ,سليمان,سليمان
157,0,,18,627,3296,779,3465	ignored	(,يده,يده
157,0,,20,1969,3646,2253,3835	added	». ,كنتم,كنتم
158,0,,2,1356,412,1650,591	added	. ,صراطه,صراطه
158,0,,3,1803,600,2043,765	added	. ,تعالى,تعالى
158,0,,4,2546,774,2868,945	added	» ,العالمين,العالمين
158,0,,5,1528,954,1828,1123	ignored	),وجعلها,وجعلها2
158,0,,6,594,1132,865,1302	added	» ,بأمره,بأمره
158,0,,8,1536,1490,1776,1662	added	» ,منه,ًمنه
158,0,,17,2219,3103,2358,3274	added	« ,له,له
158,0,,17,597,3103,818,3274	added	» ,امنن,امنن
159,0,,5,2575,953,2836,1123	added	». ,علما,علما
159,0,,6,2828,1132,2950,1300	ignored	(,لبن,لبن
159,0,,6,2482,1132,2698,1300	ignored	(,تأوله,تأوله
159,0,,15,578,2920,791,3083	ignored	(,وزدنا,وزدنا
159,0,,16,3003,3092,3218,3269	added	» ,منه,منه
159,0,,16,512,3092,683,3269	added	؛,العلم,العلم
160,0,,4,2186,752,2463,903	added	» ,حسنة,حسنة
160,0,,6,1642,1074,1814,1228	ignored	(,حالة,حالة
160,0,,7,2806,1245,3045,1373	added	.,زعموا,زعموا
160,0,,12,2127,2505,2531,2664	added	. ,والإفضال,والإفضال
160,0,,14,2758,2857,3036,3017	added	» ,معهم,معهم
160,0,,14,420,2857,640,3017	added	» ,نبيا,نبيا
160,0,,15,2636,3026,2856,3187	added	. ,ذلك,ذلك
160,0,,16,393,3196,689,3338	added	» ,فضلا,فضلاً
160,0,,19,2678,3672,3031,3828	ignored	(,ليشكره,ليشكره
160,0,,19,1467,3672,1722,3828	added	. ,داود,داود
161,0,,5,1951,971,2317,1141	added	» ,شكورا,شكورا
161,0,,16,2250,2949,2616,3118	added	.. ,الخطاب,الخطاب
161,0,,19,2623,3482,2927,3650	added	» ,الهوى,الهوى
162,0,,3,422,605,752,776	added	»,الحساب,الحساب
162,0,,6,1530,1135,1835,1296	added	» ,خليفة,خليفة
162,0,,7,1053,1305,1356,1463	added	» ,خليفة,خليفة
162,0,,11,422,1994,623,2164	added	،,مثلها,مثلها
162,0,,14,727,2530,857,2698	ignored	(,أن,أن
162,0,,16,424,2888,535,3059	added	.,به,به
163,0,,6,1496,1136,1796,1301	added	» ,اقتده,اقتده
163,0,,14,533,2568,601,2731	ignored	),ا,ا
163,0,,19,544,3465,835,3628	added	:,وأقروه,وأقروه
164,0,,5,1523,958,1697,1127	ignored	(,قد,قـد
164,0,,6,2045,1136,2249,1311	added	. ,شك,شك
164,0,,8,1116,1499,1350,1664	ignored	(,حديثا,حديثاً
164,0,,15,2144,2750,2329,2927	ignored	(,فنعلم,فنعلم
165,0,,9,2351,1630,2471,1807	ignored	(,إلا,إلا
165,0,,9,570,1630,689,1807	ignored	(,هو,هو
166,0,,3,1305,600,1619,768	added	. ,أنواعها,أنواعها
166,0,,5,316,959,641,1133	ignored	),غيرها,غيرهـا1
166,0,,15,2352,2954,2588,3135	ignored	(,ألان,ألان
166,0,,17,1666,3327,2033,3497	added	. ,بالحديد,بالحديـد
167,0,,4,551,1045,731,1200	ignored	(,ذلك,ذلك
167,0,,5,2736,1209,3007,1384	added	. ,بأمره,بأمره
167,0,,15,967,3004,1249,3168	ignored	(,سبحانه,سبحانه
167,0,,17,1734,3365,1927,3583	ignored	) ,م,م
168,0,,2,350,418,684,593	added	»؟,كانمثله,كانمثله
168,0,,4,2851,783,3043,952	ignored	(,ذلك,ذلك
168,0,,4,608,783,792,952	added	» ,الله,الله
168,0,,9,2020,1680,2193,1844	added	. ,الله,الله
168,0,,9,806,1680,979,1844	ignored	(,فإن,فإن
168,0,,9,408,1680,651,1844	ignored	(,الشرع,الشرع
168,0,,12,1367,2210,1508,2380	ignored	(,سر,سر
168,0,,12,350,2210,694,2380	added	.,والحكية,والحكية
168,0,,16,2037,2926,2142,3095	ignored	) ,ا,ا
168,0,,17,1454,3104,1732,3278	added	؟ ,رقابكم,رقابكم
168,0,,17,1118,3104,1282,3278	added	» ,الله,الله
168,0,,19,1160,3463,1422,3716	ignored	(,الذاكر,الذاكر
169,0,,2,2679,416,2970,608	added	. ,بذاكر,بذاكر
169,0,,4,1364,780,1599,944	ignored	(,البصر,البصر
169,0,,6,508,1134,768,1292	added	.,الغافل,الغافل
169,0,,8,3001,1479,3118,1653	ignored	(,أن,أن
169,0,,10,1762,1848,2015,2011	ignored	(,يكون,يكون
169,0,,10,844,1848,1049,2011	ignored	(,الجزء,الجزء
169,0,,18,1143,3272,1402,3500	ignored	(,تعود,تعود
170,0,,2,2181,409,2467,593	ignored	(,جاورها,جاورها
170,0,,4,2224,791,2492,951	added	. ,الناس,الناس
170,0,,7,446,1318,733,1488	added	.,الحقاثق,الحقاثق
170,0,,9,1711,1672,1898,1848	ignored	(,أحد,أحد
170,0,,11,924,2029,1129,2209	added	» ,كله,كله
170,0,,13,2969,2389,3110,2566	ignored	(,عين,عين
170,0,,13,424,2389,600,2566	added	».,كله,كله
170,0,,17,428,3517,586,3681	added	.,حي,حي
171,0,,3,2400,597,2537,762	ignored	(,فهو,فهو
171,0,,4,955,771,1163,935	added	. ,الله,الله
171,0,,5,2524,944,2641,1120	ignored	(,أن,أن
171,0,,6,2254,1135,2536,1284	added	» ,عباده,عباده
171,0,,8,2022,1477,2618,1648	added	» ,التوراةوالإنجيل,التوراةوالإنجيل
171,0,,11,2458,2012,2780,2187	added	» ,أرجلهم,أرجلهم
171,0,,14,1554,2543,1745,2714	ignored	(,تعالى,تعالى
171,0,,15,2832,2723,3175,2902	added	» ,مغتسل,مغتسل
171,0,,15,2176,2723,2350,2902	added	» ,ارد,ارد
171,0,,16,752,2911,1048,3069	ignored	(,المقصود,المقصود
172,0,,3,2087,610,2384,779	ignored	(,منعن,منعن
172,0,,6,1436,1138,1661,1308	added	. ,راض,راض
172,0,,10,354,1852,699,2020	added	:,ذلكرضا,ذلكرضا
172,0,,11,2111,2029,2339,2203	ignored	(,الآلام,الآلام
172,0,,16,2263,2921,2488,3091	added	» ,عليه,عليه
172,0,,17,1793,3100,1946,3275	ignored	(,ظهر,ظهر
172,0,,18,370,3290,485,3444	added	.,لها,لها
172,0,,19,1183,3453,1450,3686	added	» ,الأول,الأول
173,0,,2,2646,410,2957,595	added	» ,لظاهر,لظاهر
173,0,,4,2058,777,2252,947	ignored	(,فكر,فكر
173,0,,8,500,1492,764,1666	added	،,يشهده,يشهده
173,0,,10,730,1854,1145,2027	ignored	(,قريبلحكه,قريبلحكه
173,0,,13,2382,2392,2616,2565	ignored	(,حاليا,حاليا
173,0,,14,2789,2574,2938,2746	added	. ,لها,ًلها
173,0,,14,1735,2574,1962,2746	added	-,أيوب,أيوب
173,0,,16,2129,2933,2407,3099	added	» ,أواب,أواب
173,0,,17,2117,3108,3039,3277	ignored	(,ذلكبالسببلأنالعبديستند,ذلكبالسببلأنالعبديستند
174,0,,2,351,430,611,589	added	.,الوقت,الوقت
174,0,,4,1112,784,1346,943	added	. ,عندا,عندا
174,0,,7,676,1318,768,1485	ignored	(,ما,ما
174,0,,10,1665,1852,1875,2023	ignored	(,يدعو,يدعو
174,0,,13,2341,2385,2668,2566	added	» ,ورسوله,ورسوله
174,0,,15,342,2747,648,2925	added	.,الظاهرة,الظاهرة
175,0,,6,1618,1134,1831,1297	ignored	(,أمناء,أمناء
175,0,,7,1125,1306,1377,1470	added	.,فاسأل,فاسأل
175,0,,9,493,2001,734,2181	added	.,زكريا,زكريا
175,0,,11,1917,2369,2201,2536	added	. ,بذلك,بذلك
175,0,,14,1185,2911,1446,3078	added	» ,وليا,ولياً
175,0,,15,478,3087,715,3248	added	»,الجنة,الجنة
176,0,,5,1279,936,1583,1108	ignored	(,انخرقت,انخرقت
176,0,,5,1043,936,1188,1108	ignored	(,فيه,فيه
176,0,,10,1740,1830,1852,1997	ignored	(,إذ,إذ
176,0,,11,2799,2006,3023,2184	added	. ,المهد,المهد
177,0,,6,1895,1336,2141,1502	ignored	(,قبل,قبل
177,0,,7,1121,1511,1425,1681	added	. ,وحكا,وحكاً
177,0,,10,1972,2062,2114,2219	ignored	) ,ا,ا
177,0,,12,635,2405,948,2581	added	. ,وجودا,وجودا
178,0,,6,2186,1130,2419,1304	ignored	(,الآلام,الآلام
178,0,,6,1328,1130,1456,1304	ignored	(,أور,أور
178,0,,8,884,1499,1192,1654	added	. ,وجوده,وجوده
178,0,,11,2151,2024,2363,2193	ignored	(,نفسها,نفسها
178,0,,15,2423,2744,2592,2914	ignored	(,فهو,فهو
178,0,,17,2189,3097,2430,3265	ignored	(,الحكم,الحكم
178,0,,17,343,3097,604,3265	added	.,لذواتها,لذواتها
179,0,,11,1213,2030,1447,2198	ignored	) ,ه,1ه1
180,0,,13,2228,2404,2498,2563	added	» ,الزكاة,الزكاة
180,0,,16,2200,2938,2532,3105	added	» ,تأخر,تأخر
180,0,,16,494,2938,761,3105	added	» ,لك,لـك
181,0,,7,1733,1560,1997,1737	ignored	(,وجميع,وجميـع
181,0,,7,1172,1560,1280,1737	ignored	(,ار,ار
181,0,,8,1425,1748,1548,1907	ignored	) ,ا,ا
181,0,,10,552,2091,754,2262	ignored	(,كانت,كانت
181,0,,15,651,2989,798,3160	ignored	(,ولو,ولو
182,0,,3,2784,591,3039,768	added	» ,شيء,شيء
182,0,,5,2024,959,2324,1124	added	. ,ذكرناه,ذكرناه
182,0,,6,1843,1143,2149,1305	added	. ,عقولهم,عقولهم
182,0,,6,344,1143,589,1305	ignored	),ب,2ب
182,0,,9,2753,1664,3036,1837	added	. ,جاءت,جاءت
182,0,,10,961,1846,1222,2013	ignored	(,رسالته,رسالته
182,0,,10,344,1846,581,2013	added	»,أعلم,أعـلم
182,0,,14,1444,2550,1596,2721	ignored	(,فيها,فيها
183,0,,3,2150,599,2319,769	ignored	(,وهما,وهما
183,0,,4,2301,778,2430,943	ignored	(,الله,الله
183,0,,7,2592,1303,2830,1479	added	. ,العبد,العبد
183,0,,9,2386,1660,2657,1839	added	. ,مؤمنا,مؤمناً
183,0,,15,2592,2731,2907,2908	added	». ,لكم,لكم
183,0,,16,2549,2917,2810,3083	added	» ,دعاني,دعاني
184,0,,2,2501,425,2763,578	ignored	(,بالصور,بالصور
184,0,,3,2804,589,3017,755	ignored	(,نشك,نشك
184,0,,12,701,2197,941,2373	added	: ,بوجه,بوجه
184,0,,19,874,3456,1140,3614	added	. ,نفسك,نفسك
185,0,,3,1206,598,1524,766	added	. ,الحدود,الحدود
185,0,,8,2495,1488,2605,1656	ignored	(,بد,بد
185,0,,8,1838,1488,2046,1656	added	. ,بهذا,بهذا
185,0,,11,2050,2040,2371,2199	added	: ,تدركه,تدركه
185,0,,19,2715,3452,2827,3624	ignored	(,لهما,لهما
186,0,,5,1360,974,1571,1131	ignored	(,حكه,حكه
186,0,,7,2664,1323,2793,1491	ignored	(,هنا,هنا
186,0,,9,1802,1680,2088,1852	added	. ,فأدرك,فأدرك
187,0,,2,504,434,830,611	added	.,يتكلمون,يتكلمون
187,0,,5,2376,976,2659,1143	ignored	(,الطبيعة,الطبيعة
187,0,,8,1903,1515,2163,1678	added	» ,قتلهم,قتلهم
188,0,,3,2729,591,3014,759	added	» ,كثيرا,كثيرا
188,0,,3,593,591,865,759	added	. ,بذلك,بذلك
188,0,,6,2716,1129,2924,1298	added	» ,الله,الله
189,0,,5,2559,973,2811,1141	added	» ,بيرا,بيرا
189,0,,10,448,1861,778,2027	added	» ,ويده,ويـده
189,0,,14,558,2586,694,2755	ignored	) ,ا,ا
189,0,,17,898,3113,1060,3286	added	» ,ان,ان
190,0,,5,1840,951,2068,1124	added	» ,يره,يره
190,0,,8,340,1497,586,1660	added	»,لزلزلة,لزلزلة
190,0,,11,485,2027,761,2195	added	. ,بذلك,بذلك
190,0,,18,1690,3183,1847,3340	ignored	(,عين,عين
190,0,,18,477,3183,730,3340	ignored	(,للآخر,للآخر
191,0,,4,421,789,661,964	added	.,المسألة,المسألة
191,0,,7,2617,1758,2930,1924	added	» ,رحمتنا,رحمتنا
191,0,,7,1323,1758,1554,1924	added	» ,نبيا,نبيا
191,0,,12,1906,2648,2260,2818	added	» ,الأعداء,الأعداء
191,0,,17,1251,3551,1439,3712	added	. ,هذا,هذا
191,0,,18,1249,3721,1630,3920	added	» ,إسرائيل,إسرائيل
192,0,,17,739,3139,908,3305	ignored	(,نظر,نظر
192,0,,17,345,3139,551,3305	added	»,إلهك,إلهك
193,0,,8,2763,1491,2890,1668	ignored	) ,ا,ا
193,0,,9,2066,1677,2401,1843	added	» ,سخريا,سخرياً
193,0,,12,2370,2207,2605,2377	ignored	(,تسخر,تسخر
193,0,,15,1852,2755,2201,2923	added	، ,للمسخر,للمسخر
193,0,,17,583,3103,867,3277	ignored	(,تسغير,تسغير
194,0,,6,1561,1135,1737,1300	ignored	) ,ب,ب
194,0,,8,1402,1494,1649,1663	added	» ,شأت,شأت
194,0,,18,2284,3287,2543,3458	added	» ,هواه,هواه
195,0,,4,2496,778,2627,940	ignored	) ,ا,ا
195,0,,19,843,3457,1015,3617	ignored	) ,ب,ب
196,0,,14,2512,2569,2717,2733	added	» ,اله,اله
196,0,,17,679,3099,815,3269	ignored	) ,ا,ا
197,0,,4,1194,1028,1429,1201	ignored	(,جهل,جهل
197,0,,15,1761,3000,1945,3164	ignored	) ,ب,ب
198,0,,2,1468,412,1682,578	ignored	(,سخر,سخر
198,0,,6,2595,1128,3030,1303	added	. ,وأوضحها,وأوضحها
198,0,,15,1745,2733,1886,2903	ignored	) ,ا,ا
199,0,,8,827,1494,994,1657	ignored	) ,ب,ب
199,0,,13,1735,2384,1967,2562	added	» ,منه,منه
199,0,,18,2810,3278,3192,3447	added	» ,فأحييناه,فأحييناه
199,0,,19,1273,3456,1476,3624	added	» ,منها,منها
200,0,,4,2636,784,2744,938	ignored	) ,ا,ا
200,0,,4,1315,784,1657,938	added	» ,اهتزت,اهتزت
200,0,,4,354,784,606,938	added	» ,ربت,ربت
200,0,,6,2156,1138,2380,1306	added	. ,مثلها,ًمثلها
200,0,,8,583,1486,864,1664	ignored	(,وبغالقه,وبغالقه
200,0,,10,2180,1855,2450,2020	ignored	(,بالصور,بالصور
200,0,,11,1458,2029,1644,2202	ignored	(,صور,صور
201,0,,3,2817,607,2999,775	ignored	(,شهد,شهد
201,0,,4,1602,784,1878,947	added	» ,ولك,ولك
201,0,,4,741,784,1011,947	ignored	(,بالكال,بالكال
201,0,,5,2588,956,2864,1125	added	؛ ,كماقلنا,كماقلنا
201,0,,5,1790,956,2086,1125	ignored	(,لفرعون,لفرعون
201,0,,8,1146,1493,1289,1665	ignored	(,إنه,إنه
201,0,,9,3079,1678,3206,1840	ignored	(,اله,اله
201,0,,11,2743,2028,3082,2205	added	». ,ينفعنا,ينفعنا
201,0,,13,1907,2383,2168,2545	added	» ,فارغا,فارغا
201,0,,14,559,2554,791,2720	ignored	(,كذلك,كذلك
201,0,,15,1128,2729,1262,2894	ignored	) ,ا,ا
201,0,,15,485,2729,896,2894	added	»,ومنهاجا,ومنهـاجاً
202,0,,3,2563,600,2879,766	added	. ,تكرار,تكرار
202,0,,10,382,1837,556,2013	ignored	(,لتقر,لتقر
202,0,,11,1219,2022,1548,2187	added	، ,حجرها,حجرها
202,0,,14,1464,2552,1567,2726	ignored	(,به,به
202,0,,15,2626,2735,2834,2901	ignored	(,سره,سره
202,0,,18,1705,3266,1968,3431	added	«,الخضر,الخضر
203,0,,4,1122,776,1374,948	added	. ,تشعر,تشعر
203,0,,6,2952,1141,3222,1303	added	»,يفجع,يفجع
203,0,,8,586,1480,802,1657	ignored	(,لذلك,لذلك
203,0,,10,1463,1841,1710,2012	added	. ,الأمر,الأمر
203,0,,10,1376,1841,1463,2012	ignored	(,ثم,ثم
203,0,,14,1756,2555,2048,2728	ignored	(,فكانت,فكانت
203,0,,16,1765,2908,2236,3079	ignored	(,أنأعرف,أنأعرف
204,0,,3,2392,624,2548,788	ignored	( ,له,له
204,0,,10,807,1877,897,2039	ignored	(,له,له
204,0,,13,1969,2406,2247,2577	ignored	(,لحكمه,لحكمه
204,0,,16,330,2941,557,3111	added	.,للبشر,للبشر
204,0,,17,2586,3120,2712,3294	ignored	) ,ا,ا
205,0,,3,2286,612,2588,787	added	». ,النار,النار
205,0,,7,2018,1339,2309,1500	added	». ,الملك,الملك
205,0,,8,423,1509,583,1659	added	.,هذا,هذا
205,0,,13,1405,2390,1672,2548	added	» ,خفتكم,خفتكم
205,0,,16,2942,2905,3107,3073	ignored	(,عمله,عمله
205,0,,17,2666,3082,2910,3253	added	. ,عنده,عنده
206,0,,3,720,603,980,772	ignored	(,وعدله,وعدله
206,0,,4,2117,781,2251,941	ignored	(,اله,اله
206,0,,5,422,950,712,1126	added	» ,خغبرا,خغبرا
206,0,,6,903,1135,1072,1304	added	. ,أنا,أنا
206,0,,8,2495,1497,2877,1657	added	». ,فانتهوا,فانتهوا
206,0,,11,2613,2044,3021,2202	added	» ,تصاحبني,تصاحبني
206,0,,17,716,3103,978,3272	added	» ,خبرا,خبرا
206,0,,20,1302,3642,1512,3835	ignored	(,ولهذا,ولهذا
207,0,,3,1254,614,1435,757	ignored	) ,ب,ب
207,0,,5,513,934,755,1100	added	»,حكا,حكاً
207,0,,8,3046,1449,3217,1620	ignored	(,بلاغ,بلاغ
207,0,,14,2971,2511,3194,2675	added	: ,ؤاله,ؤاله
207,0,,16,861,2881,992,3039	ignored	) ,ا,ا
207,0,,18,1368,3229,1680,3402	added	» ,لمجنون,لمجنون
208,0,,4,1647,775,1802,943	ignored	(,ألا,ألا
208,0,,8,597,1498,811,1676	added	« ,قوله,قوله
208,0,,9,2721,1689,3035,1846	added	» ,العالمين,العالمين
208,0,,10,1825,1855,2170,2034	added	» ,موقنين,موقنين
208,0,,10,1096,1855,1232,2034	added	. ,بها,بها
208,0,,11,2505,2043,2818,2214	added	» ,لمجنون,لمجنون
208,0,,12,2804,2223,3015,2397	ignored	(,رتبته,رتبته
208,0,,13,2396,2406,2759,2560	added	» ,والمغرب,والمغرب
208,0,,14,313,2571,807,2748	added	؛,أصحابتقييد,أصحابتقييد
208,0,,15,313,2757,647,2924	added	.,والوجود,والوجود
208,0,,16,2026,2933,2357,3108	added	» ,موقنين,موقنين
208,0,,17,2112,3117,2275,3279	ignored	(,فإن,فإن
209,0,,3,2508,636,2596,810	ignored	(,بما,بما
209,0,,5,548,991,947,1162	added	» ,المسجونين,المسجونين
209,0,,6,1273,1171,1668,1340	added	: ,لأسترنك,لأسترنك
209,0,,9,1188,1693,1462,1852	added	. ,ذاتها,ذاتهـا
209,0,,14,2853,2560,3071,2723	ignored	(,يظهر,يظهر
209,0,,18,933,3279,1218,3438	ignored	(,الظاهر,الظاهر
210,0,,5,2769,972,3018,1145	added	» ,مبين,مبين
210,0,,5,321,972,455,1145	ignored	),ب,ب
210,0,,7,1980,1338,2257,1504	added	. ,واحد,واحد
210,0,,11,1488,2033,1806,2199	added	. ,الشامخة,الشامخة
210,0,,17,908,3091,1044,3261	ignored	(,مثا,مثا
211,0,,8,2352,1504,2726,1676	added	. ,وظهورها,وظهورها
211,0,,17,2231,3116,2392,3279	ignored	(,أمر,أمر
212,0,,14,1286,2565,1592,2741	added	. ,الخارج,الخارج
212,0,,16,422,2923,752,3098	ignored	(,عليهمات,عليهمات
212,0,,17,685,3107,888,3271	added	،,شهود,شهود
212,0,,18,2549,3280,2703,3451	ignored	(,ثمة,ثمة
212,0,,18,908,3280,1074,3451	added	» ,ان,ان
213,0,,2,2425,440,2624,608	ignored	(,فلأنا,فلأنا
213,0,,5,1420,974,1578,1151	added	.,يعلم,يعلم
213,0,,6,2427,1160,2613,1312	ignored	(,رآها,رآها
213,0,,15,2442,3054,2652,3216	added	. ,وافر,وافر
213,0,,16,1608,3225,1721,3393	ignored	(,ولم,ولم
214,0,,4,1884,793,1998,952	ignored	) ,ا,ا
214,0,,6,1215,1151,1460,1317	added	. ,منهما,منهما
214,0,,12,339,2647,508,2812	added	.,عنها,عنها
214,0,,15,1681,3182,1920,3354	ignored	(,النشأة,النشأة
215,0,,4,1485,787,1753,957	added	». ,ربه,ربه
215,0,,5,527,966,785,1127	added	.,المعرفة,المعرفة
215,0,,14,580,2542,849,2709	ignored	(,فيحب,فيحب
215,0,,19,2597,3433,2810,3618	added	» ,لقاي,لقاي
215,0,,19,2216,3433,2490,3618	ignored	(,بشره,بشره
216,0,,8,2192,1623,2484,1789	added	؟ ,روحه,روحه
216,0,,17,2511,3227,2694,3397	ignored	) ,ب,ب
217,0,,3,1023,597,1280,765	added	» ,بب,بب
217,0,,5,2371,952,2588,1120	added	. ,إلميا,إلمياً
217,0,,10,2603,1858,2894,2022	ignored	(,إلاذلك,إلاذلك
217,0,,10,2106,1858,2312,2022	ignored	(,شاهد,شاهد
217,0,,17,1679,3104,1822,3284	ignored	(,ولم,ولم
218,0,,4,1873,769,2217,937	added	» ,الأرض,الأرض
218,0,,5,2916,964,3106,1126	added	. ,كلها,كلها
218,0,,7,1946,1314,2253,1479	ignored	(,النشنأة,النشنأة
218,0,,8,1367,1488,1631,1656	ignored	(,ولذلك,ولذلك
218,0,,12,1638,2197,1954,2363	added	. ,الوجوه,الوجوه
218,0,,16,2615,2914,2806,3082	ignored	(,لمجرد,لمجرد
219,0,,4,898,793,1175,957	added	» ,درجة,درجة
219,0,,5,590,966,830,1140	ignored	(,فبتلك,فبتلك
219,0,,11,587,2041,871,2205	ignored	(,الطبيعة,الطبيعة
219,0,,14,1549,2565,1963,2724	ignored	(,والأعراد,والأعراد
219,0,,15,608,2733,917,2913	ignored	(,التهثم,التهثم
219,0,,18,601,3270,770,3439	ignored	(,كير,كير
220,0,,3,870,600,1151,766	added	. ,عظيما,عظيماً
220,0,,6,2560,1131,2814,1299	ignored	(,المذكر,المذكر
220,0,,16,2751,2823,3019,2984	ignored	(,ساجدا,ساجداً
220,0,,19,2268,3340,2553,3475	added	» ,العرش,العرش
220,0,,20,354,3484,558,3628	added	» ,شيء,شيء
221,0,,7,1582,1304,1716,1464	ignored	) ,ا,ا
221,0,,16,594,2918,828,3082	ignored	(,الورد,الورد
221,0,,18,819,3274,997,3441	added	» ,بالله,بالله
221,0,,19,2690,3450,2880,3618	added	«,فقال,فقال
221,0,,19,1233,3450,1550,3618	added	»، ,أنفسهم,أنفسهم
222,0,,2,2907,421,3013,587	ignored	(,من,من
222,0,,2,2012,421,2143,587	added	. ,له,له
222,0,,6,1836,1120,1975,1292	ignored	(,ولا,ولا
222,0,,15,1956,2728,2372,2902	added	». ,أذكركم,أذكركم
222,0,,17,307,3092,480,3263	added	.,سأل,سأل
223,0,,6,423,1135,622,1309	added	.,عبده,عبده
223,0,,10,2279,1840,2453,1997	added	. ,يره,يره
223,0,,18,2534,3259,2899,3420	added	. ,بصاحبها,بصاحبها
223,0,,20,2575,3610,2748,3799	ignored	) ,ب,ب
224,0,,2,2236,401,2382,599	added	، ,ير,ير
224,0,,8,2758,1474,3025,1642	added	» ,أكبر,أكبر
224,0,,10,2144,1828,2530,2008	added	» ,تصنعون,تصنعون
224,0,,10,893,1828,1160,2008	added	» ,شهيد,شهيد
224,0,,14,1600,2564,1920,2726	added	. ,سجوده,سجوده
224,0,,20,2385,3641,2759,3836	added	. ,الامتنان,الامتنان
225,0,,7,932,1313,1293,1471	added	» ,معاذيره,معاذيره
225,0,,10,2973,1836,3207,1996	added	. ,علينا,علينا
225,0,,10,2693,1836,2974,1996	ignored	(,فالصلاة,فالصلاة
225,0,,14,2377,2513,2548,2678	ignored	(,ساد,ساد
225,0,,15,3005,2687,3213,2839	added	. ,علينا,علينا
225,0,,15,1414,2687,1559,2839	ignored	(,فيه,فيه
225,0,,17,2996,3008,3208,3155	ignored	(,جئناه,جئناه
226,0,,5,1672,971,1828,1145	ignored	( ,قلنا,قلنا
226,0,,9,427,1690,600,1859	added	.,ذلك,ذلك
226,0,,11,2858,2050,3128,2222	ignored	(,اعتقده,اعتقده
226,0,,12,1118,2233,1430,2392	added	. ,معتقد,معتقد
226,0,,13,1216,2401,1378,2565	added	» ,بي,بي
226,0,,14,843,2574,1000,2732	ignored	(,فإله,فإله
